<Configuration>
<Add OfficeClientEdition="32" Channel="PerpetualVL2021">
    <Product ID="ProPlus2021Volume">
      <Language ID="en-US" />
    </Product>
    <Product ID="ProjectPro2021Volume">
      <Language ID="en-US" />
    </Product>
    <Product ID="VisioPro2021Volume">
      <Language ID="en-US" />
    </Product>
    <Product ID="ProofingTools">
      <Language ID="en-US" />
    </Product>
</Add>
<Display Level="Full" AcceptEULA="TRUE" />
<Updates Enabled="TRUE" Channel="PerpetualVL2021" />
</Configuration>
<!--  OInstallSetting Branch=1  -->
<!--  OInstallSetting Office=0  -->
<!--  OInstallSetting Arch=0  -->
<!--  OInstallSetting Redact=2  -->
<!--  OInstallSetting Product=0  -->
<!--  OInstallSetting UseODT=0  -->
<!--  OInstallSetting UseDarkTheme=1  -->
<!--  OInstallSetting OnlineKMS=1  -->
<!--  OInstallSetting PATH=  -->
<!--  OInstallSetting Lang en-US  -->
